Lines,Time
0,0.04626941680908203
100,4.165468454360962
200,8.241772174835205
300,12.40485167503357
400,16.55216693878174
